{
    "playerHighScores": {
        "0": 100.0,
        "1": 100.0,
        "4": 100.0,
        "0e": 100.0,
        "5": 100.0,
        "2": 100.0,
        "3": 100.0,
        "1e": 83.33333333333334,
        "5e": 0.0,
        "6": 100.0,
        "3e": 0.0,
        "2e": 0.0,
        "8": 0.0
    },
    "volume": 0.7771428571428571,
    "velocity": 0.08,
    "bucketSettings": {
        "0": [
            96,
            "`"
        ],
        "1": [
            49,
            "1"
        ],
        "2": [
            50,
            "2"
        ],
        "3": [
            51,
            "3"
        ],
        "4": [
            52,
            "4"
        ],
        "5": [
            53,
            "5"
        ],
        "6": [
            54,
            "6"
        ],
        "7": [
            55,
            "7"
        ],
        "8": [
            56,
            "8"
        ],
        "9": [
            57,
            "9"
        ],
        "10": [
            48,
            "0"
        ],
        "11": [
            45,
            "-"
        ],
        "12": [
            9,
            "Tb"
        ],
        "13": [
            113,
            "q"
        ],
        "14": [
            119,
            "w"
        ],
        "15": [
            101,
            "e"
        ],
        "16": [
            114,
            "r"
        ],
        "17": [
            116,
            "t"
        ],
        "18": [
            121,
            "y"
        ],
        "19": [
            117,
            "u"
        ],
        "20": [
            105,
            "i"
        ],
        "21": [
            111,
            "o"
        ],
        "22": [
            112,
            "p"
        ],
        "23": [
            91,
            "["
        ],
        "24": [
            1073741881,
            "Cp"
        ],
        "25": [
            97,
            "a"
        ],
        "26": [
            115,
            "s"
        ],
        "27": [
            100,
            "d"
        ],
        "28": [
            102,
            "f"
        ],
        "29": [
            103,
            "g"
        ],
        "30": [
            104,
            "h"
        ],
        "31": [
            106,
            "j"
        ],
        "32": [
            107,
            "k"
        ],
        "33": [
            108,
            "l"
        ],
        "34": [
            59,
            ";"
        ],
        "35": [
            39,
            "\""
        ],
        "36": [
            1073742049,
            "Ls"
        ],
        "37": [
            122,
            "z"
        ],
        "38": [
            120,
            "x"
        ],
        "39": [
            99,
            "c"
        ],
        "40": [
            118,
            "v"
        ],
        "41": [
            98,
            "b"
        ],
        "42": [
            110,
            "n"
        ],
        "43": [
            109,
            "m"
        ],
        "44": [
            44,
            ","
        ],
        "45": [
            46,
            "."
        ],
        "46": [
            47,
            "/"
        ],
        "47": [
            1073742053,
            "Rs"
        ],
        "48": [
            1073741882,
            "F1"
        ],
        "49": [
            1073741883,
            "F2"
        ],
        "50": [
            1073741884,
            "F3"
        ],
        "51": [
            1073741885,
            "F4"
        ],
        "52": [
            1073741886,
            "F5"
        ],
        "53": [
            1073741887,
            "F6"
        ],
        "54": [
            1073741888,
            "F7"
        ],
        "55": [
            1073741889,
            "F8"
        ],
        "56": [
            1073741890,
            "F9"
        ],
        "57": [
            1073741891,
            "F10"
        ],
        "58": [
            1073741892,
            "F11"
        ],
        "59": [
            1073741893,
            "F12"
        ],
        "60": [
            1073741894,
            "Ps"
        ],
        "61": [
            1073741895,
            "Sl"
        ],
        "62": [
            1073741896,
            "Pa"
        ],
        "63": [
            1073741897,
            "In"
        ],
        "64": [
            1073741898,
            "Ho"
        ],
        "65": [
            1073741899,
            "PgU"
        ],
        "66": [
            127,
            "Del"
        ],
        "67": [
            1073741901,
            "End"
        ],
        "68": [
            1073741902,
            "PgD"
        ],
        "69": [
            1073741904,
            "<-"
        ],
        "70": [
            1073741905,
            "v|"
        ],
        "71": [
            1073741903,
            "->"
        ],
        "72": [
            1073741907,
            "Nl"
        ],
        "73": [
            1073741908,
            "N/"
        ],
        "74": [
            1073741909,
            "N*"
        ],
        "75": [
            1073741919,
            "N7"
        ],
        "76": [
            1073741920,
            "N8"
        ],
        "77": [
            1073741921,
            "N9"
        ],
        "78": [
            1073741916,
            "N4"
        ],
        "79": [
            1073741917,
            "N5"
        ],
        "80": [
            1073741918,
            "N6"
        ],
        "81": [
            1073741913,
            "N1"
        ],
        "82": [
            1073741914,
            "N2"
        ],
        "83": [
            1073741915,
            "N3"
        ],
        "84": [
            1073742048,
            "Lc"
        ],
        "85": [
            1073742051,
            "Lwi"
        ],
        "86": [
            1073742050,
            "Lal"
        ],
        "87": [
            32,
            "Spc"
        ],
        "88": [
            1073742054,
            "Ral"
        ],
        "89": [
            1073741925,
            "Men"
        ],
        "90": [
            1073742052,
            "Rc"
        ],
        "91": [
            1073741922,
            "N0"
        ],
        "92": [
            1073741923,
            "N."
        ],
        "93": [
            1073741912,
            "Nen"
        ],
        "94": [
            1073741911,
            "N+"
        ],
        "95": [
            1073741910,
            "N-"
        ]
    }
}