{
    "playerHighScores": {
        "0": 100.0,
        "1": 100.0,
        "4": 100.0,
        "0e": 100.0,
        "5": 100.0,
        "2": 100.0,
        "3": 100.0,
        "1e": 83.33333333333334,
        "5e": 0.0,
        "6": 100.0,
        "3e": 0.0,
        "2e": 0.0
    },
    "volume": 0.4957142857142857,
    "velocity": 0.2957142857142857,
    "bucketSettings": [
        [
            96,
            "TICK"
        ],
        [
            49,
            "1"
        ],
        [
            50,
            "2"
        ],
        [
            51,
            "3"
        ],
        [
            52,
            "4"
        ],
        [
            53,
            "5"
        ],
        [
            54,
            "6"
        ],
        [
            55,
            "7"
        ],
        [
            56,
            "8"
        ],
        [
            57,
            "9"
        ],
        [
            48,
            "0"
        ],
        [
            45,
            "-"
        ],
        [
            9,
            "Tb"
        ],
        [
            113,
            "q"
        ],
        [
            119,
            "w"
        ],
        [
            101,
            "e"
        ],
        [
            114,
            "r"
        ],
        [
            116,
            "t"
        ],
        [
            121,
            "y"
        ],
        [
            117,
            "u"
        ],
        [
            105,
            "i"
        ],
        [
            111,
            "o"
        ],
        [
            112,
            "p"
        ],
        [
            91,
            "["
        ],
        [
            1073741881,
            "Cp"
        ],
        [
            97,
            "a"
        ],
        [
            115,
            "s"
        ],
        [
            100,
            "d"
        ],
        [
            102,
            "f"
        ],
        [
            103,
            "g"
        ],
        [
            104,
            "h"
        ],
        [
            106,
            "j"
        ],
        [
            107,
            "k"
        ],
        [
            108,
            "l"
        ],
        [
            59,
            ";"
        ],
        [
            39,
            "\""
        ],
        [
            1073742049,
            "Ls"
        ],
        [
            122,
            "z"
        ],
        [
            120,
            "x"
        ],
        [
            99,
            "c"
        ],
        [
            118,
            "v"
        ],
        [
            98,
            "b"
        ],
        [
            110,
            "n"
        ],
        [
            109,
            "m"
        ],
        [
            44,
            ","
        ],
        [
            46,
            "."
        ],
        [
            47,
            "/"
        ],
        [
            1073742053,
            "Rs"
        ],
        [
            1073741882,
            "F1"
        ],
        [
            1073741883,
            "F2"
        ],
        [
            1073741884,
            "F3"
        ],
        [
            1073741885,
            "F4"
        ],
        [
            1073741886,
            "F5"
        ],
        [
            1073741887,
            "F6"
        ],
        [
            1073741888,
            "F7"
        ],
        [
            1073741889,
            "F8"
        ],
        [
            1073741890,
            "F9"
        ],
        [
            1073741891,
            "F10"
        ],
        [
            1073741892,
            "F11"
        ],
        [
            1073741893,
            "F12"
        ],
        [
            1073741894,
            "Ps"
        ],
        [
            1073741895,
            "Sl"
        ],
        [
            1073741896,
            "Pa"
        ],
        [
            1073741897,
            "In"
        ],
        [
            1073741898,
            "Ho"
        ],
        [
            1073741899,
            "PgU"
        ],
        [
            127,
            "Del"
        ],
        [
            1073741901,
            "End"
        ],
        [
            1073741902,
            "PgD"
        ],
        [
            1073741904,
            "<-"
        ],
        [
            1073741905,
            "v|"
        ],
        [
            1073741903,
            "->"
        ],
        [
            1073741907,
            "Nl"
        ],
        [
            1073741908,
            "N/"
        ],
        [
            1073741909,
            "N*"
        ],
        [
            1073741919,
            "N7"
        ],
        [
            1073741920,
            "N8"
        ],
        [
            1073741921,
            "N9"
        ],
        [
            1073741916,
            "N4"
        ],
        [
            1073741917,
            "N5"
        ],
        [
            1073741918,
            "N6"
        ],
        [
            1073741913,
            "N1"
        ],
        [
            1073741914,
            "N2"
        ],
        [
            1073741915,
            "N3"
        ],
        [
            1073742048,
            "Lc"
        ],
        [
            1073742051,
            "Lwi"
        ],
        [
            1073742050,
            "Lal"
        ],
        [
            32,
            "Spc"
        ],
        [
            1073742054,
            "Ral"
        ],
        [
            1073741925,
            "Men"
        ],
        [
            1073742052,
            "Rc"
        ],
        [
            1073741922,
            "N0"
        ],
        [
            1073741923,
            "N."
        ],
        [
            1073741912,
            "Nen"
        ],
        [
            1073741911,
            "N+"
        ],
        [
            1073741910,
            "N-"
        ]
    ]
}