{
    "playerHighScores": {
        "0": 100.0,
        "1": 100.0,
        "4": 100.0,
        "0e": 100.0,
        "5": 100.0,
        "2": 100.0,
        "3": 100.0,
        "1e": 83.33333333333334,
        "5e": 0.0,
        "6": 100.0,
        "3e": 0.0,
        "2e": 0.0
    },
    "volume": 0.39714285714285713,
    "velocity": 0.17714285714285713
}